<?xml version="1.0" encoding="UTF-8"?>

<Device xmlns="http://hl7.org/fhir">
  <id value="FPIG-CMS-Device-RaisedToiletSeat"/>
  <text>
    <status value="generated"/><div xmlns="http://www.w3.org/1999/xhtml"><p><b>Generated Narrative</b></p><div style="display: inline-block; background-color: #d9e0e7; padding: 6px; margin: 4px; border: 1px solid #8da1b4; border-radius: 5px; line-height: 60%"><p style="margin-bottom: 0px">Resource "FPIG-CMS-Device-RaisedToiletSeat" </p></div><h3>DeviceNames</h3><table class="grid"><tr><td>-</td><td><b>Name</b></td><td><b>Type</b></td></tr><tr><td>*</td><td>Raised toilet seat</td><td>user-friendly-name</td></tr></table></div>
  </text>
  <deviceName>
    <name value="Raised toilet seat"/>
    <type value="user-friendly-name"/>
  </deviceName>
</Device>